,school_GP,school_MS,sex_F,sex_M,age,address_R,address_U,famsize_GT3,famsize_LE3,Pstatus_A,Pstatus_T,Medu,Fedu,Mjob_at_home,Mjob_health,Mjob_other,Mjob_services,Mjob_teacher,Fjob_at_home,Fjob_health,Fjob_other,Fjob_services,Fjob_teacher,reason_course,reason_home,reason_other,reason_reputation,guardian_father,guardian_mother,guardian_other,traveltime,studytime,failures,schoolsup,famsup,paid,activities,nursery,higher,internet,romantic,famrel,freetime,goout,Dalc,Walc,health,absences,passed,predicted
16,1,0,1,0,16,0,1,1,0,0,1,4,4,0,0,0,1,0,0,0,0,1,0,0,0,0,1,0,1,0,1,3,0,0,1,1,1,1,1,1,0,3,2,3,1,2,2,6,yes,0
66,1,0,0,1,15,0,1,1,0,1,0,4,4,0,0,1,0,0,0,0,0,1,0,0,0,0,1,0,1,0,1,4,0,0,1,0,1,0,1,1,1,1,3,3,5,5,3,4,yes,0
211,1,0,0,1,17,0,1,0,1,0,1,4,4,0,0,0,1,0,0,0,1,0,0,0,1,0,0,0,1,0,1,2,0,0,1,1,0,1,1,1,1,5,3,5,4,5,3,13,yes,0
7,1,0,1,0,17,0,1,1,0,1,0,4,4,0,0,1,0,0,0,0,0,0,1,0,1,0,0,0,1,0,2,2,0,1,1,0,0,1,1,0,0,4,1,4,1,1,1,6,no,0
19,1,0,0,1,16,0,1,0,1,0,1,4,3,0,1,0,0,0,0,0,1,0,0,0,1,0,0,1,0,0,1,1,0,0,0,1,1,1,1,1,0,3,1,3,1,3,5,4,yes,0
301,1,0,0,1,17,0,1,0,1,0,1,4,4,0,0,1,0,0,0,0,0,0,1,0,1,0,0,1,0,0,2,1,0,0,0,1,0,1,1,1,0,4,1,1,2,2,5,0,yes,0
350,0,1,0,1,19,1,0,1,0,0,1,1,1,0,0,1,0,0,0,0,0,1,0,0,1,0,0,0,0,1,3,2,3,0,0,0,0,1,1,1,0,5,4,4,3,3,2,8,no,0
365,0,1,0,1,18,1,0,1,0,0,1,1,3,1,0,0,0,0,0,0,1,0,0,1,0,0,0,0,1,0,2,2,0,0,1,1,0,1,1,0,0,3,3,4,2,4,3,4,yes,0
118,1,0,0,1,17,1,0,1,0,0,1,1,3,0,0,1,0,0,0,0,1,0,0,1,0,0,0,1,0,0,3,2,1,0,1,0,1,1,1,1,0,5,2,4,1,4,5,20,no,0
321,1,0,1,0,17,0,1,1,0,0,1,2,2,0,0,1,0,0,0,0,1,0,0,1,0,0,0,0,1,0,1,2,0,0,1,0,0,1,1,0,1,4,2,2,1,1,3,12,no,0
296,1,0,1,0,19,0,1,1,0,0,1,4,4,0,1,0,0,0,0,0,1,0,0,0,0,0,1,0,0,1,2,2,0,0,1,1,1,1,1,1,0,2,3,4,2,3,2,0,no,0
381,0,1,0,1,18,1,0,1,0,0,1,2,1,0,0,1,0,0,0,0,1,0,0,0,0,1,0,0,1,0,2,1,0,0,0,0,1,0,1,1,1,4,4,3,1,3,5,5,no,0
373,0,1,1,0,17,1,0,1,0,0,1,1,2,0,0,1,0,0,0,0,1,0,0,1,0,0,0,0,1,0,1,1,0,0,0,0,1,1,1,1,0,3,5,5,1,3,1,14,no,0
60,1,0,1,0,16,1,0,1,0,0,1,4,4,0,1,0,0,0,0,0,0,0,1,0,0,1,0,0,1,0,1,2,0,0,1,0,1,1,1,0,0,2,4,4,2,3,4,6,yes,0
79,1,0,1,0,16,0,1,1,0,0,1,3,4,1,0,0,0,0,0,0,1,0,0,1,0,0,0,0,1,0,1,2,0,0,1,0,0,1,1,1,0,2,4,3,1,2,3,12,no,0
281,1,0,0,1,17,0,1,0,1,1,0,3,2,0,0,0,0,1,0,0,0,1,0,0,1,0,0,0,1,0,1,1,1,0,0,0,0,1,1,1,0,4,4,4,3,4,3,19,yes,0
245,1,0,0,1,16,0,1,1,0,0,1,2,1,0,0,1,0,0,0,0,1,0,0,1,0,0,0,0,1,0,3,1,0,0,0,0,0,1,1,1,0,4,3,3,1,1,4,6,yes,0
250,1,0,0,1,18,0,1,1,0,0,1,3,2,0,0,0,1,0,0,0,1,0,0,1,0,0,0,0,1,0,2,1,1,0,0,0,0,1,0,1,0,4,4,5,2,4,5,0,no,0
218,1,0,1,0,17,0,1,1,0,0,1,2,3,1,0,0,0,0,0,0,1,0,0,0,1,0,0,1,0,0,2,1,0,0,1,1,0,1,1,0,0,3,3,3,1,4,3,3,no,0
109,1,0,1,0,16,0,1,0,1,0,1,4,4,0,1,0,0,0,0,1,0,0,0,0,0,1,0,0,1,0,1,3,0,0,1,1,1,1,1,1,1,5,4,5,1,1,4,4,yes,0
17,1,0,1,0,16,0,1,1,0,0,1,3,3,0,0,1,0,0,0,0,1,0,0,0,0,0,1,0,1,0,3,2,0,1,1,0,1,1,1,0,0,5,3,2,1,1,4,4,yes,0
165,1,0,0,1,16,0,1,1,0,0,1,3,2,0,0,0,1,0,0,0,0,1,0,1,0,0,0,0,1,0,2,1,1,0,1,0,1,0,0,0,0,4,5,2,1,1,2,16,yes,0
24,1,0,1,0,15,1,0,1,0,0,1,2,4,0,0,0,1,0,0,1,0,0,0,1,0,0,0,0,1,0,1,3,0,1,1,1,1,1,1,1,0,4,3,2,1,1,5,2,no,0
126,1,0,1,0,15,0,1,0,1,1,0,3,4,0,0,1,0,0,0,0,1,0,0,0,1,0,0,0,1,0,1,2,0,1,0,0,1,1,1,1,1,5,3,2,1,1,1,0,yes,0
346,1,0,0,1,18,1,0,1,0,0,1,4,3,0,0,0,0,1,0,0,0,1,0,1,0,0,0,0,1,0,1,3,0,0,0,0,0,1,1,1,1,5,3,2,1,2,4,9,yes,0
176,1,0,1,0,16,0,1,1,0,0,1,2,2,0,0,0,1,0,0,0,1,0,0,0,0,0,1,0,1,0,2,2,0,0,0,1,1,0,1,1,0,3,4,4,1,4,5,2,yes,0
275,1,0,1,0,17,0,1,0,1,0,1,2,2,0,0,0,1,0,0,0,1,0,0,1,0,0,0,0,1,0,2,2,0,1,1,1,0,1,1,1,1,4,4,4,2,3,5,6,yes,0
246,1,0,0,1,17,0,1,1,0,0,1,2,3,0,0,1,0,0,0,0,1,0,0,1,0,0,0,1,0,0,2,1,0,0,0,0,0,1,1,1,0,5,2,2,1,1,2,4,yes,0
239,1,0,0,1,18,0,1,1,0,0,1,2,2,0,0,1,0,0,0,0,0,1,0,0,0,0,1,1,0,0,1,2,1,0,0,0,0,1,0,1,0,5,5,4,3,5,2,0,no,0
153,1,0,0,1,19,0,1,1,0,0,1,3,2,0,0,0,1,0,1,0,0,0,0,0,1,0,0,0,1,0,1,1,3,0,1,0,0,1,0,1,1,4,5,4,1,1,4,0,no,0
261,1,0,0,1,18,0,1,1,0,0,1,4,3,0,0,0,0,1,0,0,1,0,0,1,0,0,0,0,1,0,1,2,0,0,1,1,0,0,1,1,0,4,3,2,1,1,3,2,no,0
262,1,0,0,1,18,1,0,1,0,0,1,3,2,0,0,1,0,0,0,0,1,0,0,1,0,0,0,0,1,0,1,3,0,0,0,0,1,0,1,0,0,5,3,2,1,1,3,1,yes,0
172,1,0,0,1,17,0,1,0,1,0,1,4,4,0,0,0,0,1,0,0,1,0,0,0,0,0,1,0,1,0,1,2,0,0,1,1,1,1,1,1,0,4,4,4,1,3,5,0,yes,0
119,1,0,0,1,15,0,1,1,0,0,1,3,4,0,0,1,0,0,0,0,1,0,0,0,0,0,1,1,0,0,1,1,0,0,0,0,0,1,1,1,0,3,4,3,1,2,4,6,yes,0
389,0,1,1,0,18,0,1,1,0,0,1,1,1,0,0,1,0,0,0,0,1,0,0,1,0,0,0,0,1,0,2,2,1,0,0,0,1,1,1,0,0,1,1,1,1,1,5,0,no,0
198,1,0,1,0,17,0,1,1,0,0,1,4,4,0,0,0,1,0,0,0,0,0,1,0,1,0,0,0,1,0,2,1,1,0,1,0,0,1,1,1,0,4,2,4,2,3,2,24,yes,0
139,1,0,1,0,15,0,1,1,0,0,1,4,4,0,0,0,0,1,0,0,0,0,1,1,0,0,0,0,1,0,2,1,0,0,0,0,1,1,1,1,0,4,3,2,1,1,5,0,yes,0
148,1,0,0,1,16,0,1,1,0,0,1,4,4,0,0,0,0,1,0,0,0,0,1,1,0,0,0,0,1,0,1,1,0,0,1,0,0,1,0,1,1,3,3,2,2,1,5,0,no,0
322,1,0,1,0,17,1,0,0,1,0,1,2,2,0,0,0,1,0,0,0,0,1,0,1,0,0,0,0,1,0,1,3,0,0,1,1,1,1,1,1,0,3,3,2,2,2,3,3,yes,0
36,1,0,0,1,15,0,1,0,1,0,1,4,3,0,0,0,0,1,0,0,0,1,0,0,1,0,0,0,1,0,1,3,0,0,1,0,1,1,1,1,0,5,4,3,1,1,4,2,yes,0
287,1,0,1,0,17,0,1,1,0,0,1,1,1,0,0,0,1,0,0,0,0,0,1,0,0,0,1,0,1,0,1,3,0,0,1,1,0,1,1,1,0,4,3,3,1,1,3,6,yes,0
152,1,0,1,0,15,1,0,1,0,0,1,3,3,0,0,0,1,0,0,0,0,1,0,0,0,0,1,0,0,1,2,3,2,0,1,1,1,1,1,1,1,4,2,1,2,3,3,8,yes,0
349,0,1,0,1,18,1,0,1,0,0,1,3,2,0,0,1,0,0,0,0,1,0,0,1,0,0,0,0,1,0,2,1,1,0,1,0,0,0,1,1,0,2,5,5,5,5,5,10,yes,0
382,0,1,0,1,17,0,1,1,0,0,1,2,3,0,0,1,0,0,0,0,0,1,0,0,1,0,0,1,0,0,2,2,0,0,0,0,1,1,1,1,0,4,4,3,1,1,3,2,yes,0
59,1,0,1,0,16,0,1,1,0,0,1,4,2,0,0,0,1,0,0,0,1,0,0,1,0,0,0,0,1,0,1,2,0,0,1,0,0,1,1,1,0,4,2,3,1,1,5,2,yes,0
111,1,0,1,0,16,1,0,1,0,0,1,3,3,0,0,0,1,0,0,0,1,0,0,0,0,0,1,1,0,0,1,3,1,1,1,0,1,1,1,1,0,4,1,2,1,1,2,0,yes,0
325,1,0,0,1,18,0,1,1,0,0,1,4,4,0,0,1,0,0,0,0,1,0,0,1,0,0,0,0,1,0,1,3,0,0,0,0,1,1,1,1,0,4,3,3,2,2,3,3,yes,0
249,1,0,0,1,16,0,1,1,0,0,1,0,2,0,0,1,0,0,0,0,1,0,0,0,0,1,0,0,1,0,1,1,0,0,0,1,0,0,1,1,0,4,3,2,2,4,5,0,yes,0
6,1,0,0,1,16,0,1,0,1,0,1,2,2,0,0,1,0,0,0,0,1,0,0,0,1,0,0,0,1,0,1,2,0,0,0,0,0,1,1,1,0,4,4,4,1,1,3,0,yes,0
284,1,0,1,0,17,0,1,1,0,0,1,2,2,0,0,1,0,0,0,0,1,0,0,1,0,0,0,0,1,0,1,2,0,0,1,0,0,0,1,1,0,5,4,5,1,2,5,4,yes,0
271,1,0,1,0,18,0,1,1,0,0,1,2,3,0,0,1,0,0,0,0,0,1,0,0,0,0,1,1,0,0,1,4,0,0,1,1,1,1,1,1,1,4,5,5,1,3,2,4,yes,0
150,1,0,0,1,18,0,1,0,1,0,1,1,1,0,0,1,0,0,0,0,1,0,0,1,0,0,0,0,1,0,1,1,3,0,0,0,0,1,0,1,1,2,3,5,2,5,4,0,no,0
10,1,0,1,0,15,0,1,1,0,0,1,4,4,0,0,0,0,1,0,1,0,0,0,0,0,0,1,0,1,0,1,2,0,0,1,1,0,1,1,1,0,3,3,3,1,2,2,0,no,0
192,1,0,0,1,17,0,1,1,0,0,1,1,2,1,0,0,0,0,0,0,0,1,0,0,0,1,0,0,0,1,2,2,0,0,0,1,1,0,1,1,0,4,4,4,4,5,5,12,no,0
103,1,0,1,0,15,0,1,1,0,0,1,3,2,0,0,0,1,0,0,0,1,0,0,0,1,0,0,0,1,0,2,2,0,1,1,1,0,1,1,1,0,4,3,5,1,1,2,26,no,0
81,1,0,0,1,15,0,1,1,0,0,1,2,3,0,0,1,0,0,0,0,1,0,0,0,1,0,0,0,1,0,1,3,0,1,0,1,0,0,1,1,0,5,3,2,1,2,5,4,yes,0
290,1,0,0,1,18,0,1,1,0,0,1,4,2,0,0,0,0,1,0,0,1,0,0,0,1,0,0,0,1,0,1,2,0,0,1,1,1,1,1,1,1,4,3,2,1,4,5,11,yes,0
366,0,1,0,1,18,0,1,0,1,0,1,4,4,0,0,0,0,1,0,0,0,1,0,0,0,1,0,0,1,0,2,3,0,0,0,1,0,1,1,1,1,4,2,2,2,2,5,0,yes,0
202,1,0,1,0,17,0,1,1,0,0,1,1,1,0,0,1,0,0,0,0,1,0,0,1,0,0,0,0,1,0,1,2,0,0,1,1,0,0,1,0,0,4,4,4,1,3,1,4,yes,0
345,1,0,1,0,18,0,1,1,0,0,1,3,2,0,0,1,0,0,0,0,0,1,0,0,0,1,0,0,1,0,1,3,0,0,0,0,0,1,1,1,1,5,4,3,2,3,1,7,yes,0
163,1,0,0,1,17,0,1,1,0,0,1,1,3,1,0,0,0,0,0,0,0,1,0,1,0,0,0,1,0,0,1,1,0,0,0,0,0,1,0,1,0,5,3,3,1,4,2,2,yes,0
297,1,0,1,0,18,0,1,0,1,0,1,4,3,0,0,1,0,0,0,0,1,0,0,0,1,0,0,0,0,1,2,2,0,0,1,1,0,1,1,1,1,4,4,5,1,2,2,10,no,0
89,1,0,0,1,16,0,1,0,1,1,0,4,4,0,0,0,0,1,0,1,0,0,0,0,0,0,1,0,1,0,1,2,0,0,1,0,0,1,1,0,0,4,1,3,3,5,5,18,no,0
203,1,0,1,0,17,1,0,1,0,0,1,2,2,0,0,1,0,0,0,0,1,0,0,0,0,0,1,0,1,0,1,1,0,0,1,0,0,1,1,1,0,5,3,2,1,2,3,18,no,0
147,1,0,1,0,15,0,1,1,0,0,1,1,2,1,0,0,0,0,0,0,1,0,0,1,0,0,0,0,1,0,1,2,0,0,1,1,0,0,1,1,0,4,3,2,1,1,5,2,yes,0
222,1,0,1,0,16,0,1,1,0,0,1,2,3,0,0,0,1,0,0,0,0,0,1,0,0,1,0,0,1,0,1,2,0,1,0,0,0,1,1,1,0,2,3,1,1,1,3,2,yes,0
92,1,0,1,0,16,0,1,0,1,0,1,3,1,0,0,1,0,0,0,0,1,0,0,0,1,0,0,1,0,0,1,2,0,1,1,0,0,1,1,0,0,3,3,3,2,3,2,4,no,0
69,1,0,1,0,15,1,0,0,1,0,1,3,1,0,0,1,0,0,0,0,1,0,0,0,0,0,1,1,0,0,2,4,0,0,1,0,0,0,1,1,0,4,4,2,2,3,3,12,yes,0
123,1,0,0,1,16,0,1,1,0,0,1,4,4,0,1,0,0,0,0,0,1,0,0,1,0,0,0,0,1,0,1,1,0,0,1,0,1,1,1,1,0,3,4,4,1,4,5,18,yes,0
96,1,0,0,1,16,1,0,1,0,0,1,4,3,0,0,0,1,0,0,0,1,0,0,0,0,0,1,0,1,0,2,1,0,1,1,0,1,0,1,1,0,3,3,3,1,1,4,2,yes,0
143,1,0,1,0,16,0,1,0,1,0,1,1,1,1,0,0,0,0,1,0,0,0,0,1,0,0,0,0,1,0,1,1,0,0,0,0,0,1,1,1,0,3,4,4,3,3,1,2,yes,0
299,1,0,0,1,18,0,1,0,1,0,1,4,4,0,0,0,0,1,0,0,0,0,1,0,1,0,0,0,1,0,1,1,0,0,1,1,0,1,1,1,1,1,4,2,2,2,1,5,yes,0
97,1,0,1,0,16,0,1,1,0,0,1,2,1,0,0,1,0,0,0,0,1,0,0,1,0,0,0,0,1,0,1,2,0,0,1,1,0,1,1,0,1,4,3,5,1,1,5,2,yes,0
232,1,0,0,1,17,0,1,1,0,0,1,4,4,0,0,0,0,1,0,0,0,0,1,0,0,0,1,0,1,0,1,2,0,1,1,0,1,1,1,1,1,4,5,5,1,3,2,14,no,0
68,1,0,1,0,15,1,0,0,1,0,1,2,2,0,1,0,0,0,0,0,0,1,0,0,0,0,1,0,1,0,2,2,0,1,1,1,0,1,1,1,0,4,1,3,1,3,4,2,no,0
23,1,0,0,1,16,0,1,0,1,0,1,2,2,0,0,1,0,0,0,0,1,0,0,0,0,0,1,0,1,0,2,2,0,0,1,0,1,1,1,1,0,5,4,4,2,4,5,0,yes,0
37,1,0,0,1,16,1,0,1,0,1,0,4,4,0,0,1,0,0,0,0,0,0,1,0,0,0,1,0,1,0,2,3,0,0,1,0,1,1,1,1,1,2,4,3,1,1,5,7,yes,0
144,1,0,0,1,17,0,1,1,0,0,1,2,1,0,0,1,0,0,0,0,1,0,0,0,1,0,0,0,1,0,1,1,3,0,1,0,0,1,1,1,0,5,4,5,1,2,5,0,no,0
122,1,0,1,0,16,0,1,0,1,0,1,2,4,0,0,1,0,0,0,1,0,0,0,1,0,0,0,1,0,0,2,2,0,0,1,1,1,1,1,1,1,4,2,2,1,2,5,2,yes,0
67,1,0,1,0,16,0,1,1,0,0,1,3,1,0,0,0,1,0,0,0,1,0,0,1,0,0,0,0,1,0,1,4,0,1,1,1,0,1,1,1,0,4,3,3,1,2,5,4,no,0
180,1,0,0,1,16,0,1,1,0,0,1,4,3,0,0,0,0,1,0,0,1,0,0,0,1,0,0,0,1,0,1,2,0,0,1,1,1,1,1,1,0,3,4,3,2,3,3,10,no,0
208,1,0,1,0,16,0,1,1,0,0,1,1,1,1,0,0,0,0,0,0,1,0,0,0,1,0,0,0,1,0,2,1,0,0,1,1,0,1,1,0,0,4,3,2,1,4,5,6,yes,0
282,1,0,1,0,18,1,0,0,1,0,1,1,1,1,0,0,0,0,0,0,1,0,0,0,0,0,1,0,1,0,2,4,0,0,1,1,1,1,1,0,0,5,2,2,1,1,3,1,yes,0
369,0,1,1,0,18,1,0,1,0,0,1,4,4,0,0,1,0,0,0,0,0,0,1,0,0,1,0,1,0,0,3,2,0,0,1,1,0,0,1,1,1,3,2,2,4,2,5,10,yes,0
280,1,0,0,1,17,0,1,0,1,1,0,4,1,0,0,0,1,0,0,0,1,0,0,0,1,0,0,0,1,0,2,1,0,0,0,1,1,1,1,1,1,4,5,4,2,4,5,30,no,0
125,1,0,0,1,15,0,1,1,0,0,1,3,4,0,0,0,1,0,0,0,0,1,0,0,1,0,0,1,0,0,1,1,0,1,0,0,0,1,1,1,0,5,5,5,3,2,5,0,yes,0
146,1,0,1,0,15,0,1,1,0,0,1,3,2,0,1,0,0,0,0,0,0,1,0,0,1,0,0,1,0,0,1,2,3,0,1,0,0,1,1,1,0,3,3,2,1,1,3,0,no,0
229,1,0,1,0,17,0,1,1,0,1,0,2,1,0,0,1,0,0,0,0,1,0,0,1,0,0,0,0,1,0,2,3,0,0,0,0,1,1,1,1,1,3,2,3,1,2,3,10,yes,0
86,1,0,1,0,16,0,1,0,1,0,1,2,2,1,0,0,0,0,0,0,1,0,0,1,0,0,0,0,1,0,1,2,0,0,1,0,0,1,1,0,0,4,3,4,1,2,2,4,no,0
332,1,0,1,0,18,0,1,1,0,0,1,3,3,0,0,0,1,0,0,0,0,1,0,0,1,0,0,0,1,0,1,2,0,0,0,0,1,1,1,1,0,5,3,4,1,1,4,0,no,0
219,1,0,1,0,17,0,1,1,0,0,1,2,2,1,0,0,0,0,1,0,0,0,0,1,0,0,0,0,1,0,1,3,0,0,1,1,1,1,1,1,0,4,3,3,1,1,4,4,yes,0
333,1,0,1,0,18,0,1,0,1,0,1,2,2,0,0,1,0,0,0,0,1,0,0,0,1,0,0,0,0,1,1,2,0,0,0,0,1,0,1,1,1,4,3,3,1,1,2,0,no,0
195,1,0,1,0,17,0,1,0,1,0,1,2,4,0,0,0,1,0,0,0,0,1,0,1,0,0,0,1,0,0,1,2,0,0,0,0,1,1,1,1,1,4,3,2,1,1,5,0,yes,0
274,1,0,1,0,17,0,1,1,0,0,1,2,4,1,0,0,0,0,0,1,0,0,0,0,0,0,1,0,1,0,2,2,0,0,1,1,0,1,1,1,1,4,3,3,1,1,1,2,yes,0
298,1,0,1,0,18,0,1,1,0,0,1,4,3,0,0,1,0,0,0,0,1,0,0,0,0,0,1,1,0,0,1,4,0,0,1,1,0,1,1,1,0,4,3,3,1,1,3,0,yes,0
183,1,0,1,0,17,0,1,0,1,0,1,3,3,0,0,1,0,0,0,0,1,0,0,0,0,0,1,0,1,0,1,2,0,0,1,0,1,1,1,1,1,5,3,3,2,3,1,56,no,0
220,1,0,1,0,17,1,0,1,0,0,1,2,1,1,0,0,0,0,0,0,0,1,0,0,0,0,1,0,1,0,2,2,0,0,1,0,1,1,1,1,0,4,2,5,1,2,5,2,no,0
312,1,0,0,1,19,0,1,1,0,0,1,1,2,0,0,1,0,0,0,0,0,1,0,1,0,0,0,0,0,1,1,2,1,0,0,0,0,0,1,1,0,4,5,2,2,2,4,3,yes,0
336,1,0,1,0,19,1,0,1,0,1,0,3,1,0,0,0,1,0,1,0,0,0,0,0,1,0,0,0,0,1,1,3,1,0,0,1,0,1,1,0,0,5,4,3,1,2,5,12,yes,0
278,1,0,1,0,18,0,1,1,0,0,1,4,4,0,1,0,0,0,0,1,0,0,0,0,0,0,1,1,0,0,1,2,1,1,1,0,1,1,1,1,1,2,4,4,1,1,4,15,no,0
129,1,0,0,1,16,1,0,1,0,0,1,4,4,0,0,0,0,1,0,0,0,0,1,1,0,0,0,0,1,0,1,1,0,0,0,1,1,1,1,1,0,3,5,5,2,5,4,8,yes,0
38,1,0,1,0,15,1,0,1,0,0,1,3,4,0,0,0,1,0,0,1,0,0,0,1,0,0,0,0,1,0,1,3,0,1,1,1,1,1,1,1,0,4,3,2,1,1,5,2,yes,0
11,1,0,1,0,15,0,1,1,0,0,1,2,1,0,0,0,1,0,0,0,1,0,0,0,0,0,1,1,0,0,3,3,0,0,1,0,1,1,1,1,0,5,2,2,1,1,4,4,yes,0
266,1,0,0,1,17,0,1,1,0,0,1,3,1,0,0,0,1,0,0,0,1,0,0,0,0,1,0,0,1,0,1,2,0,0,0,1,1,1,1,1,1,5,4,4,3,4,5,2,yes,0
185,1,0,0,1,17,0,1,1,0,0,1,3,3,0,0,0,1,0,0,0,0,1,0,0,0,1,0,0,1,0,1,2,0,0,1,0,1,1,1,1,1,4,3,4,2,3,4,12,yes,0
233,1,0,0,1,16,0,1,1,0,0,1,4,4,0,1,0,0,0,0,0,1,0,0,0,0,0,1,1,0,0,1,2,0,0,1,1,1,1,1,1,0,4,2,4,2,4,1,2,yes,0
112,1,0,1,0,16,0,1,1,0,0,1,2,2,1,0,0,0,0,0,0,1,0,0,0,1,0,0,0,1,0,1,2,1,1,0,0,1,1,1,1,0,3,1,2,1,1,5,6,yes,0
179,1,0,0,1,17,0,1,1,0,0,1,4,3,0,0,1,0,0,0,0,1,0,0,1,0,0,0,0,1,0,1,2,0,0,1,0,1,1,1,1,1,5,2,3,1,1,2,4,yes,0
265,1,0,0,1,18,1,0,0,1,1,0,3,4,0,0,1,0,0,0,0,1,0,0,0,0,0,1,0,1,0,2,2,0,0,1,1,1,1,1,1,0,4,2,5,3,4,1,13,yes,0
277,1,0,0,1,18,0,1,1,0,0,1,4,4,0,0,0,0,1,0,0,0,1,0,0,1,0,0,0,1,0,2,1,0,0,0,1,1,1,1,1,0,3,2,4,1,4,3,22,no,0
117,1,0,0,1,16,0,1,1,0,0,1,3,3,0,0,1,0,0,0,0,0,1,0,0,1,0,0,1,0,0,2,1,0,0,0,0,1,1,1,1,0,5,4,2,1,1,5,0,yes,0
363,0,1,1,0,17,0,1,0,1,0,1,4,4,1,0,0,0,0,1,0,0,0,0,1,0,0,0,0,1,0,1,2,0,0,1,1,1,1,1,1,1,2,3,4,1,1,1,0,yes,0
347,1,0,0,1,18,0,1,1,0,0,1,4,3,0,0,0,0,1,0,0,1,0,0,1,0,0,0,0,1,0,1,3,0,0,1,1,0,1,1,1,1,5,4,5,2,3,5,0,no,0
379,0,1,1,0,17,1,0,1,0,0,1,3,1,1,0,0,0,0,0,0,1,0,0,0,0,0,1,0,1,0,1,2,0,0,1,1,1,0,1,1,0,4,5,4,2,3,1,17,yes,0
283,1,0,1,0,18,0,1,1,0,0,1,1,1,0,0,1,0,0,0,0,1,0,0,0,1,0,0,0,1,0,2,2,0,1,0,0,1,1,1,1,0,5,4,4,1,1,4,4,yes,0
357,0,1,1,0,17,0,1,0,1,1,0,3,2,0,0,0,1,0,0,0,1,0,0,0,0,0,1,0,1,0,2,2,0,0,0,0,0,1,1,0,1,1,2,3,1,2,5,2,yes,0
164,1,0,0,1,17,1,0,0,1,0,1,1,1,0,0,1,0,0,0,0,0,1,0,1,0,0,0,0,1,0,4,2,3,0,0,0,1,1,0,0,1,5,3,5,1,5,5,0,no,0
247,1,0,0,1,22,0,1,1,0,0,1,3,1,0,0,0,1,0,0,0,0,1,0,0,0,1,0,0,1,0,1,1,3,0,0,0,0,0,0,1,1,5,4,5,5,5,1,16,no,0
136,1,0,0,1,17,1,0,1,0,0,1,3,4,1,0,0,0,0,0,0,1,0,0,1,0,0,0,0,1,0,3,2,0,0,0,0,0,1,1,0,0,5,4,5,2,4,5,0,no,0
154,1,0,1,0,17,0,1,1,0,0,1,4,4,0,0,1,0,0,0,0,0,0,1,1,0,0,0,0,1,0,1,1,0,1,1,0,0,1,1,0,1,4,2,1,1,1,4,0,yes,0
199,1,0,1,0,16,0,1,0,1,0,1,4,4,0,0,0,0,1,0,0,0,0,1,0,0,0,1,0,1,0,1,2,0,0,1,1,0,1,1,1,0,4,5,2,1,2,3,0,yes,0
197,1,0,0,1,16,1,0,0,1,0,1,3,3,0,0,0,0,1,0,0,1,0,0,0,1,0,0,1,0,0,3,1,0,0,1,1,1,1,1,1,0,3,3,4,3,5,3,8,yes,0
387,0,1,1,0,19,1,0,1,0,0,1,2,3,0,0,0,1,0,0,0,1,0,0,1,0,0,0,0,1,0,1,3,1,0,0,0,1,0,1,1,0,5,4,2,1,2,5,0,no,0
2,1,0,1,0,15,0,1,0,1,0,1,1,1,1,0,0,0,0,0,0,1,0,0,0,0,1,0,0,1,0,1,2,3,1,0,1,0,1,1,1,0,4,3,2,2,3,3,10,yes,0
204,1,0,1,0,16,1,0,1,0,0,1,2,2,0,0,0,1,0,0,0,0,1,0,0,0,0,1,0,1,0,2,4,0,0,1,1,1,0,1,1,0,5,3,5,1,1,5,6,yes,0
115,1,0,0,1,16,0,1,1,0,0,1,4,4,0,0,0,0,1,0,0,0,0,1,1,0,0,0,1,0,0,1,2,0,0,1,0,1,1,1,1,0,5,4,4,1,2,5,2,yes,0
228,1,0,0,1,18,0,1,0,1,0,1,2,1,1,0,0,0,0,0,0,1,0,0,1,0,0,0,0,1,0,4,2,0,1,1,1,1,1,1,1,1,4,3,2,4,5,3,14,no,0
231,1,0,0,1,17,1,0,1,0,0,1,2,2,0,0,1,0,0,0,0,1,0,0,1,0,0,0,1,0,0,2,2,0,0,1,1,1,1,1,1,0,4,5,2,1,1,1,4,yes,0
26,1,0,0,1,15,0,1,1,0,0,1,2,2,0,0,1,0,0,0,0,1,0,0,0,1,0,0,0,1,0,1,1,0,0,1,1,0,1,1,1,0,4,2,2,1,2,5,2,yes,0
120,1,0,1,0,15,0,1,1,0,0,1,1,2,1,0,0,0,0,0,0,0,1,0,1,0,0,0,0,1,0,1,2,0,0,0,0,0,0,1,1,0,3,2,3,1,2,1,2,yes,0
302,1,0,1,0,17,0,1,1,0,0,1,4,2,0,0,1,0,0,0,0,1,0,0,0,0,0,1,0,1,0,2,3,0,0,1,1,0,1,1,1,0,4,3,3,1,1,3,0,yes,0
224,1,0,1,0,16,0,1,1,0,0,1,4,4,0,0,0,0,1,0,0,0,1,0,0,1,0,0,0,1,0,1,3,0,0,1,0,1,0,1,1,0,5,3,2,1,1,5,0,yes,0
237,1,0,1,0,16,0,1,1,0,0,1,2,1,0,0,1,0,0,0,0,1,0,0,0,1,0,0,0,1,0,1,1,0,0,0,0,0,1,1,1,1,4,5,2,1,1,5,20,yes,0
338,1,0,1,0,18,0,1,0,1,0,1,3,3,0,0,0,1,0,0,0,0,1,0,0,1,0,0,0,1,0,1,4,0,0,1,0,0,1,1,1,0,5,3,3,1,1,1,7,yes,0
311,1,0,1,0,19,0,1,1,0,0,1,2,1,1,0,0,0,0,0,0,1,0,0,0,0,1,0,0,0,1,3,2,0,0,1,0,0,1,0,1,1,3,4,1,1,1,2,20,yes,0
340,1,0,1,0,19,0,1,1,0,0,1,2,1,0,0,0,1,0,0,0,0,1,0,0,1,0,0,0,0,1,1,3,1,0,0,1,1,1,1,1,1,4,3,4,1,3,3,4,yes,0
127,1,0,1,0,19,0,1,1,0,0,1,0,1,1,0,0,0,0,0,0,1,0,0,1,0,0,0,0,0,1,1,2,3,0,1,0,0,0,0,0,0,3,4,2,1,1,5,2,no,0
74,1,0,1,0,16,0,1,1,0,0,1,3,3,0,0,1,0,0,0,0,0,1,0,0,1,0,0,0,1,0,1,2,0,1,1,1,1,1,1,1,0,4,3,3,2,4,5,54,yes,0
318,1,0,1,0,17,1,0,1,0,0,1,3,4,1,0,0,0,0,0,0,0,1,0,1,0,0,0,1,0,0,1,3,0,0,1,1,1,0,1,1,0,4,3,4,2,5,5,0,yes,0
29,1,0,0,1,16,0,1,1,0,0,1,4,4,0,0,0,0,1,0,0,0,0,1,0,1,0,0,0,1,0,1,2,0,0,1,1,1,1,1,1,1,4,4,5,5,5,5,16,yes,0
83,1,0,0,1,15,0,1,0,1,0,1,2,2,0,0,0,1,0,0,0,0,1,0,0,1,0,0,0,1,0,2,2,0,0,0,1,1,1,1,1,0,5,3,3,1,3,4,4,yes,0
326,1,0,0,1,17,0,1,1,0,0,1,3,3,0,0,1,0,0,0,0,0,1,0,0,0,0,1,0,1,0,1,1,0,0,0,0,1,0,1,1,0,4,3,5,3,5,5,3,yes,0
107,1,0,0,1,16,0,1,1,0,0,1,3,3,0,0,0,1,0,0,0,1,0,0,0,1,0,0,1,0,0,1,3,0,0,1,0,1,1,1,1,0,5,3,3,1,1,5,2,yes,0
355,0,1,1,0,18,0,1,1,0,0,1,3,3,0,0,0,1,0,0,0,0,1,0,1,0,0,0,1,0,0,1,2,0,0,1,0,0,1,1,0,1,5,3,4,1,1,5,0,no,0
310,1,0,1,0,19,0,1,0,1,0,1,1,2,0,0,0,1,0,0,0,0,1,0,0,1,0,0,0,0,1,1,2,1,0,0,0,1,0,1,0,1,4,2,4,2,2,3,0,no,0
133,1,0,1,0,16,0,1,1,0,1,0,3,4,0,0,0,1,0,0,0,1,0,0,1,0,0,0,1,0,0,1,1,0,0,0,0,0,1,1,1,0,3,2,1,1,4,5,16,yes,0
244,1,0,1,0,18,0,1,1,0,0,1,2,1,0,0,1,0,0,0,0,1,0,0,1,0,0,0,0,0,1,2,3,0,0,1,1,0,0,1,1,1,4,4,4,1,1,3,0,no,0
184,1,0,1,0,16,0,1,1,0,0,1,3,2,0,0,1,0,0,0,0,1,0,0,0,0,0,1,0,1,0,1,2,0,0,1,1,0,1,1,1,0,1,2,2,1,2,1,14,yes,0
286,1,0,1,0,18,0,1,1,0,0,1,2,2,1,0,0,0,0,1,0,0,0,0,0,0,1,0,0,1,0,1,3,0,0,1,1,0,1,1,1,0,4,3,3,1,2,2,5,yes,0
44,1,0,1,0,16,0,1,0,1,0,1,2,2,0,0,1,0,0,1,0,0,0,0,1,0,0,0,1,0,0,2,2,1,1,0,0,1,1,1,1,0,4,3,3,2,2,5,14,no,0
362,0,1,1,0,18,0,1,1,0,0,1,3,3,0,0,0,1,0,0,0,0,1,0,0,0,1,0,0,1,0,2,2,0,0,1,0,0,1,1,1,1,4,3,2,1,3,3,0,yes,0
65,1,0,1,0,16,0,1,0,1,0,1,4,3,0,0,0,0,1,0,0,0,1,0,1,0,0,0,0,1,0,3,2,0,0,1,0,1,1,1,1,0,5,4,3,1,2,1,2,yes,0
292,1,0,1,0,18,0,1,0,1,0,1,2,1,0,0,0,1,0,1,0,0,0,0,0,0,0,1,0,1,0,1,2,1,0,0,0,0,1,1,1,1,5,4,3,1,1,5,12,yes,0
85,1,0,1,0,15,0,1,1,0,0,1,4,4,0,0,0,1,0,0,0,0,1,0,0,0,0,1,1,0,0,2,2,2,0,0,1,0,1,1,1,1,4,4,4,2,3,5,6,no,0
242,1,0,0,1,16,0,1,0,1,0,1,4,3,0,0,0,0,1,0,0,1,0,0,1,0,0,0,0,1,0,1,1,0,0,0,0,1,0,1,1,0,5,4,5,1,1,3,0,no,0
186,1,0,0,1,16,0,1,1,0,0,1,1,2,0,0,0,1,0,0,0,0,1,0,0,0,1,0,0,1,0,1,1,0,0,1,1,1,1,1,1,1,3,3,3,1,2,3,2,yes,0
70,1,0,0,1,16,0,1,1,0,0,1,3,1,0,0,1,0,0,0,0,1,0,0,0,0,0,1,1,0,0,2,4,0,0,1,1,0,1,1,1,0,4,3,2,1,1,5,0,yes,0
159,1,0,0,1,16,0,1,1,0,0,1,3,3,0,0,1,0,0,0,0,0,1,0,1,0,0,0,1,0,0,1,2,1,0,1,1,0,1,1,1,1,4,5,5,4,4,5,4,yes,0
12,1,0,0,1,15,0,1,0,1,0,1,4,4,0,1,0,0,0,0,0,0,1,0,1,0,0,0,1,0,0,1,1,0,0,1,1,1,1,1,1,0,4,3,3,1,3,5,2,yes,0
35,1,0,1,0,15,0,1,1,0,0,1,2,3,0,0,1,0,0,0,0,1,0,0,0,0,1,0,1,0,0,2,1,0,0,1,0,1,1,1,0,0,3,5,1,1,1,5,0,no,0
28,1,0,0,1,16,0,1,0,1,1,0,3,4,0,0,0,1,0,0,0,1,0,0,0,1,0,0,0,1,0,1,2,0,1,1,0,1,1,1,1,0,5,3,3,1,1,5,4,yes,0
170,1,0,0,1,16,0,1,1,0,0,1,3,4,0,0,1,0,0,0,0,1,0,0,1,0,0,0,1,0,0,3,1,2,0,1,0,1,0,1,1,0,3,4,5,2,4,2,0,no,0
142,1,0,1,0,15,0,1,1,0,0,1,4,4,0,0,0,0,1,0,0,0,1,0,1,0,0,0,0,1,0,1,3,0,0,1,1,1,1,1,1,0,4,2,2,1,1,5,2,yes,0
314,1,0,1,0,19,0,1,1,0,0,1,1,1,1,0,0,0,0,0,1,0,0,0,0,1,0,0,0,0,1,1,3,2,0,0,0,0,0,1,1,1,4,1,2,1,1,3,14,yes,0
268,1,0,0,1,18,0,1,1,0,0,1,4,2,0,1,0,0,0,0,0,1,0,0,0,0,0,1,1,0,0,1,2,0,0,1,1,1,1,1,1,1,5,4,5,1,3,5,10,yes,0
221,1,0,1,0,17,0,1,1,0,0,1,1,1,1,0,0,0,0,0,0,1,0,0,0,0,0,1,0,1,0,1,3,1,0,1,0,1,1,1,0,1,4,3,4,1,1,5,0,no,0
95,1,0,1,0,15,1,0,1,0,0,1,1,1,1,0,0,0,0,0,0,1,0,0,0,1,0,0,0,1,0,2,4,1,1,1,1,1,1,1,1,0,3,1,2,1,1,1,2,yes,0
51,1,0,1,0,15,0,1,0,1,0,1,4,2,0,1,0,0,0,0,0,1,0,0,0,0,1,0,0,1,0,1,2,0,0,1,1,0,1,1,1,0,4,3,3,1,1,5,2,yes,0
240,1,0,0,1,17,0,1,0,1,0,1,4,3,0,1,0,0,0,0,0,1,0,0,1,0,0,0,0,1,0,2,2,0,0,0,0,1,1,1,1,1,2,5,5,1,4,5,14,yes,0
294,1,0,0,1,18,1,0,0,1,0,1,3,2,0,0,0,1,0,0,0,1,0,0,0,0,0,1,0,1,0,2,3,0,0,1,1,1,1,1,1,0,5,4,2,1,1,4,8,yes,0
305,1,0,1,0,18,0,1,1,0,0,1,2,4,0,0,0,1,0,1,0,0,0,0,0,0,0,1,0,0,1,1,2,1,0,1,1,1,1,1,1,0,4,4,3,1,1,3,8,yes,0
178,1,0,0,1,16,1,0,1,0,0,1,4,2,0,0,0,0,1,0,0,0,1,0,0,0,1,0,0,1,0,1,1,0,0,1,0,1,1,1,1,1,4,3,3,3,4,3,10,no,0
41,1,0,0,1,15,0,1,0,1,0,1,4,4,0,0,0,0,1,0,0,1,0,0,0,1,0,0,0,0,1,1,1,0,0,1,0,0,0,1,1,1,5,4,3,2,4,5,8,yes,0
352,0,1,0,1,18,0,1,0,1,0,1,1,3,1,0,0,0,0,0,0,0,1,0,1,0,0,0,0,1,0,1,1,1,0,0,0,0,1,0,1,1,4,3,3,2,3,3,7,no,0
206,1,0,1,0,16,0,1,1,0,1,0,3,1,0,0,0,1,0,0,0,1,0,0,1,0,0,0,0,1,0,1,2,3,0,1,1,0,1,1,1,0,2,3,3,2,2,4,5,no,0
254,1,0,0,1,17,1,0,1,0,0,1,2,1,0,0,1,0,0,0,0,1,0,0,1,0,0,0,0,1,0,1,1,0,0,0,0,0,0,1,1,0,4,4,2,2,4,5,0,yes,0
327,1,0,0,1,17,1,0,1,0,0,1,2,2,0,0,0,1,0,0,0,1,0,0,1,0,0,0,0,1,0,4,1,0,0,1,0,0,1,1,1,0,4,4,5,5,5,4,8,yes,0
4,1,0,1,0,16,0,1,1,0,0,1,3,3,0,0,1,0,0,0,0,1,0,0,0,1,0,0,1,0,0,1,2,0,0,1,1,0,1,1,0,0,4,3,2,1,2,5,4,yes,0
256,1,0,1,0,17,0,1,0,1,0,1,4,2,0,0,0,0,1,0,0,0,1,0,0,0,0,1,0,1,0,1,4,0,0,1,1,1,1,1,1,0,4,2,3,1,1,4,6,yes,0
353,0,1,0,1,19,1,0,1,0,0,1,1,1,0,0,1,0,0,0,0,1,0,0,0,1,0,0,0,0,1,3,1,1,0,1,0,0,1,1,1,0,4,4,4,3,3,5,4,no,0
100,1,0,0,1,16,0,1,1,0,0,1,4,4,0,0,0,1,0,0,0,0,1,0,0,0,1,0,0,1,0,1,1,0,1,1,1,1,1,1,1,0,4,5,5,5,5,4,14,no,0
226,1,0,1,0,17,0,1,1,0,0,1,3,2,0,0,1,0,0,0,0,1,0,0,1,0,0,0,0,1,0,1,2,0,0,0,0,1,0,1,1,0,5,3,4,1,3,3,10,yes,0
337,1,0,1,0,17,0,1,1,0,0,1,3,2,0,0,1,0,0,0,0,1,0,0,0,1,0,0,0,1,0,1,2,0,0,1,1,0,1,1,1,1,4,3,2,2,3,2,0,no,0
213,1,0,0,1,18,0,1,1,0,0,1,2,2,0,0,0,1,0,0,0,1,0,0,0,1,0,0,0,1,0,1,2,1,0,1,1,1,1,1,1,0,4,4,4,2,4,5,15,no,0
171,1,0,0,1,16,0,1,1,0,0,1,1,0,0,0,1,0,0,0,0,1,0,0,0,0,0,1,0,1,0,2,2,0,0,1,1,1,1,1,1,1,4,3,2,1,1,3,2,yes,0
98,1,0,1,0,16,0,1,1,0,0,1,4,4,0,0,1,0,0,0,0,1,0,0,0,0,0,1,0,1,0,1,1,0,0,0,0,1,0,1,1,0,5,3,4,1,2,1,6,yes,0
215,1,0,1,0,17,0,1,0,1,0,1,3,2,0,0,1,0,0,0,0,1,0,0,0,0,0,1,0,1,0,2,2,0,0,0,1,0,1,1,1,0,4,4,4,1,3,1,2,yes,0
61,1,0,1,0,16,0,1,1,0,0,1,1,1,0,0,0,1,0,0,0,0,1,0,1,0,0,0,1,0,0,4,1,0,1,1,0,1,0,1,1,1,5,5,5,5,5,5,6,yes,0
47,1,0,0,1,16,0,1,1,0,0,1,4,3,0,1,0,0,0,0,0,0,1,0,0,0,0,1,0,1,0,1,4,0,0,0,0,1,1,1,1,0,4,2,2,1,1,2,4,yes,0
32,1,0,0,1,15,1,0,1,0,0,1,4,3,0,0,0,0,1,1,0,0,0,0,1,0,0,0,0,1,0,1,2,0,0,1,0,1,1,1,1,1,4,5,2,1,1,5,0,yes,0
267,1,0,1,0,18,1,0,1,0,0,1,4,4,0,0,0,0,1,0,0,1,0,0,0,0,0,1,0,1,0,2,2,0,0,0,1,1,1,1,1,0,4,3,4,2,2,4,8,yes,0
200,1,0,1,0,16,0,1,1,0,0,1,4,3,0,1,0,0,0,0,0,1,0,0,0,1,0,0,0,1,0,1,2,0,0,1,0,1,1,1,1,0,4,3,5,1,5,2,2,yes,0
351,0,1,0,1,17,0,1,1,0,0,1,3,3,0,1,0,0,0,0,0,1,0,0,1,0,0,0,0,1,0,2,2,0,0,1,1,0,1,1,1,0,4,5,4,2,3,3,2,yes,0
27,1,0,0,1,15,0,1,1,0,0,1,4,2,0,1,0,0,0,0,0,0,1,0,0,0,1,0,0,1,0,1,1,0,0,0,1,0,1,1,1,0,2,2,4,2,4,1,4,yes,0
376,0,1,1,0,20,0,1,1,0,0,1,4,2,0,1,0,0,0,0,0,1,0,0,1,0,0,0,0,0,1,2,3,2,0,1,1,0,0,1,1,1,5,4,3,1,1,3,4,yes,0
230,1,0,1,0,17,0,1,0,1,0,1,4,3,0,1,0,0,0,0,0,1,0,0,0,0,0,1,1,0,0,1,2,0,0,0,0,1,1,1,1,1,3,2,3,1,2,3,14,yes,0
260,1,0,1,0,18,0,1,1,0,0,1,4,3,0,0,0,1,0,0,0,1,0,0,0,1,0,0,1,0,0,1,2,0,0,1,1,0,1,1,1,1,3,1,2,1,3,2,21,yes,0
288,1,0,0,1,18,0,1,1,0,0,1,2,1,0,0,0,1,0,0,0,0,1,0,0,0,0,1,0,1,0,1,3,0,0,0,1,1,1,1,1,0,4,2,4,1,3,2,6,yes,0
162,1,0,0,1,16,0,1,0,1,0,1,1,2,0,0,1,0,0,0,0,1,0,0,1,0,0,0,0,1,0,2,1,1,0,0,0,1,1,1,0,0,4,4,4,2,4,5,0,no,0
335,1,0,1,0,17,0,1,1,0,0,1,3,4,0,0,0,1,0,0,0,1,0,0,1,0,0,0,0,1,0,1,3,0,0,0,0,0,1,1,1,0,4,4,5,1,3,5,16,yes,0
138,1,0,0,1,16,0,1,0,1,0,1,1,1,0,0,0,1,0,0,0,1,0,0,1,0,0,0,0,1,0,1,2,1,0,0,0,0,1,1,0,1,4,4,4,1,3,5,0,yes,0
62,1,0,1,0,16,0,1,0,1,0,1,1,2,0,0,1,0,0,0,0,0,1,0,0,0,0,1,1,0,0,1,2,0,1,0,0,1,1,1,1,0,4,4,3,1,1,1,4,no,0
135,1,0,1,0,15,0,1,1,0,0,1,4,4,0,0,0,1,0,1,0,0,0,0,1,0,0,0,0,1,0,1,3,0,0,1,0,1,1,1,1,1,4,3,3,1,1,5,0,no,0
128,1,0,0,1,18,1,0,1,0,0,1,2,2,0,0,0,1,0,0,0,1,0,0,0,0,0,1,0,1,0,1,1,2,0,1,0,1,1,1,1,0,3,3,3,1,2,4,0,no,0
8,1,0,0,1,15,0,1,0,1,1,0,3,2,0,0,0,1,0,0,0,1,0,0,0,1,0,0,0,1,0,1,2,0,0,1,1,0,1,1,1,0,4,2,2,1,1,1,0,yes,0
64,1,0,1,0,15,0,1,0,1,0,1,4,3,0,0,0,1,0,0,0,0,1,0,0,0,0,1,1,0,0,1,2,0,1,0,0,1,1,1,1,1,4,4,4,2,4,2,0,yes,0
300,1,0,1,0,18,0,1,0,1,1,0,4,4,0,1,0,0,0,0,0,1,0,0,0,1,0,0,0,1,0,1,2,0,0,1,0,0,1,1,1,1,4,2,4,1,1,4,14,yes,0
14,1,0,0,1,15,0,1,1,0,1,0,2,2,0,0,1,0,0,0,0,1,0,0,0,1,0,0,0,0,1,1,3,0,0,1,0,0,1,1,1,1,4,5,2,1,1,3,0,yes,0
156,1,0,0,1,17,1,0,0,1,0,1,1,2,0,0,1,0,0,0,0,1,0,0,0,0,0,1,0,1,0,1,1,0,0,0,0,0,1,1,0,0,2,2,2,3,3,5,8,yes,0
40,1,0,1,0,16,0,1,0,1,0,1,2,2,0,0,1,0,0,0,0,1,0,0,0,1,0,0,0,1,0,2,2,1,0,1,0,1,0,1,1,1,3,3,3,1,2,3,25,yes,0
361,0,1,0,1,18,1,0,0,1,0,1,1,1,1,0,0,0,0,0,0,1,0,0,0,0,1,0,0,1,0,2,2,1,0,0,0,1,0,0,0,0,4,4,3,2,3,5,2,yes,0
354,0,1,0,1,17,1,0,1,0,0,1,4,3,0,0,0,1,0,0,0,1,0,0,0,1,0,0,0,1,0,2,2,0,0,1,1,1,0,1,1,1,4,5,5,1,3,2,4,yes,0
216,1,0,1,0,17,0,1,1,0,0,1,4,3,0,0,1,0,0,0,0,1,0,0,0,0,0,1,0,1,0,1,2,2,0,0,1,0,1,1,1,1,3,4,5,2,4,1,22,no,0
279,1,0,0,1,18,0,1,0,1,0,1,4,3,0,0,0,0,1,0,0,0,1,0,1,0,0,0,0,1,0,2,1,0,0,0,1,1,1,1,1,0,4,2,3,1,2,1,8,yes,0
341,1,0,0,1,18,0,1,1,0,0,1,4,4,0,0,0,0,1,0,0,0,1,0,0,1,0,0,1,0,0,1,2,1,0,1,0,1,1,1,1,0,4,3,3,2,2,2,0,no,0
236,1,0,0,1,17,0,1,0,1,0,1,2,2,0,0,1,0,0,0,0,1,0,0,0,1,0,0,1,0,0,1,2,0,0,0,1,1,0,1,1,1,4,4,2,5,5,4,4,yes,0
207,1,0,1,0,16,0,1,1,0,0,1,4,3,0,0,0,0,1,0,0,1,0,0,0,0,1,0,0,1,0,1,2,0,0,0,1,1,1,1,1,1,1,3,2,1,1,1,10,yes,0
212,1,0,1,0,16,0,1,1,0,1,0,2,2,0,0,1,0,0,0,0,1,0,0,0,0,0,1,0,1,0,1,2,0,1,1,1,0,1,1,1,0,3,3,4,1,1,4,0,yes,0
295,1,0,0,1,17,0,1,1,0,0,1,3,3,0,1,0,0,0,0,0,1,0,0,0,1,0,0,0,1,0,1,1,0,0,1,1,0,1,1,1,0,4,4,3,1,3,5,4,yes,0
380,0,1,0,1,18,0,1,1,0,0,1,4,4,0,0,0,0,1,0,0,0,0,1,0,1,0,0,1,0,0,1,2,0,0,0,1,1,0,1,1,0,3,2,4,1,4,2,4,yes,0
251,1,0,0,1,16,0,1,1,0,0,1,3,3,1,0,0,0,0,0,0,1,0,0,0,0,0,1,0,0,1,3,2,0,1,1,0,0,0,1,1,0,5,3,3,1,3,2,6,yes,0
385,0,1,1,0,18,1,0,1,0,0,1,2,2,1,0,0,0,0,0,0,1,0,0,0,0,1,0,0,1,0,2,3,0,0,0,1,0,1,1,0,0,5,3,3,1,3,4,2,yes,0
360,0,1,1,0,18,1,0,0,1,1,0,1,4,1,0,0,0,0,0,0,1,0,0,1,0,0,0,0,1,0,3,2,0,0,0,0,0,1,1,0,1,4,3,4,1,4,5,0,yes,0
303,1,0,1,0,17,0,1,1,0,0,1,3,2,0,1,0,0,0,0,1,0,0,0,0,0,0,1,1,0,0,1,4,0,0,1,1,1,0,1,1,0,5,2,2,1,2,5,0,yes,0
269,1,0,1,0,18,1,0,1,0,0,1,2,1,0,0,1,0,0,0,0,1,0,0,0,0,0,1,0,1,0,2,2,0,0,1,0,0,1,0,1,1,4,3,5,1,2,3,0,no,0
201,1,0,1,0,16,0,1,1,0,0,1,2,3,0,0,1,0,0,0,0,1,0,0,0,0,0,1,0,1,0,1,2,0,1,1,1,1,1,1,0,0,4,4,3,1,3,4,6,yes,0
161,1,0,0,1,15,1,0,1,0,0,1,3,2,0,0,1,0,0,0,0,1,0,0,1,0,0,0,0,1,0,2,2,2,1,1,0,0,1,1,1,1,4,4,4,1,4,3,6,no,0
43,1,0,0,1,15,0,1,1,0,0,1,2,2,0,0,0,1,0,0,0,0,1,0,1,0,0,0,1,0,0,1,1,0,1,1,0,0,1,1,1,0,5,4,1,1,1,1,0,yes,0
217,1,0,0,1,18,0,1,0,1,0,1,3,3,0,0,0,1,0,0,1,0,0,0,0,1,0,0,1,0,0,1,2,1,0,1,1,0,1,1,1,0,3,2,4,2,4,4,13,no,0
190,1,0,1,0,16,0,1,1,0,0,1,2,3,0,0,0,1,0,0,0,0,1,0,1,0,0,0,0,1,0,1,2,0,0,0,0,0,1,1,1,0,4,3,3,1,1,2,10,yes,0
309,1,0,1,0,19,0,1,0,1,0,1,1,1,1,0,0,0,0,0,0,1,0,0,0,0,0,1,0,0,1,1,2,1,1,1,0,1,0,1,1,0,4,4,3,1,3,3,18,yes,0
259,1,0,1,0,17,0,1,0,1,0,1,2,2,0,0,0,1,0,0,0,0,1,0,1,0,0,0,1,0,0,1,4,0,0,0,1,1,1,1,1,1,3,4,1,1,1,2,0,no,0
105,1,0,1,0,15,0,1,1,0,1,0,3,3,0,0,1,0,0,0,1,0,0,0,0,0,0,1,1,0,0,1,4,0,1,0,0,0,1,1,0,0,4,3,3,1,1,4,10,yes,0
53,1,0,1,0,15,0,1,1,0,0,1,4,4,0,0,0,1,0,0,0,0,1,0,1,0,0,0,0,1,0,1,1,0,1,1,1,0,1,1,1,0,3,3,4,2,3,5,0,yes,0
1,1,0,1,0,17,0,1,1,0,0,1,1,1,1,0,0,0,0,0,0,1,0,0,1,0,0,0,1,0,0,1,2,0,0,1,0,0,0,1,1,0,5,3,3,1,1,3,4,no,0
49,1,0,1,0,15,0,1,1,0,0,1,4,4,0,0,0,1,0,0,0,0,0,1,0,0,1,0,1,0,0,1,2,1,1,1,0,1,0,1,1,0,4,4,4,1,1,3,2,no,0
80,1,0,0,1,15,0,1,1,0,0,1,2,3,0,0,1,0,0,0,0,0,1,0,1,0,0,0,1,0,0,1,1,0,1,1,1,1,0,1,1,1,3,2,2,1,3,3,2,yes,0
205,1,0,1,0,17,0,1,1,0,0,1,3,4,1,0,0,0,0,0,0,0,1,0,0,1,0,0,0,1,0,1,3,1,0,1,1,0,1,1,1,1,4,4,3,3,4,5,28,no,0
34,1,0,0,1,16,0,1,1,0,0,1,3,2,0,0,1,0,0,0,0,1,0,0,0,1,0,0,0,1,0,1,1,0,0,1,1,0,0,1,1,0,5,4,3,1,1,5,0,yes,0
263,1,0,1,0,17,0,1,1,0,0,1,3,3,0,0,1,0,0,0,0,1,0,0,0,1,0,0,0,1,0,1,3,0,0,0,0,1,0,1,0,0,3,2,3,1,1,4,4,no,0
91,1,0,1,0,15,0,1,1,0,0,1,4,3,0,0,0,1,0,0,0,1,0,0,0,0,0,1,0,1,0,1,1,0,0,0,1,1,1,1,1,0,4,5,5,1,3,1,4,yes,0
339,1,0,1,0,17,1,0,1,0,1,0,3,2,0,0,1,0,0,0,0,1,0,0,0,1,0,0,0,1,0,1,2,0,0,1,1,0,1,1,1,0,4,3,3,2,3,2,4,yes,0
52,1,0,0,1,15,0,1,0,1,1,0,4,2,0,1,0,0,0,0,1,0,0,0,0,0,1,0,1,0,0,2,1,1,0,0,0,0,1,1,0,0,5,5,5,3,4,5,6,yes,0
264,1,0,1,0,18,0,1,1,0,0,1,2,2,1,0,0,0,0,0,0,0,1,0,0,1,0,0,0,1,0,1,3,0,0,1,1,1,1,1,1,1,4,3,3,1,1,3,0,no,0
241,1,0,0,1,17,1,0,0,1,1,0,4,4,0,0,0,0,1,0,0,1,0,0,1,0,0,0,0,1,0,2,2,0,0,1,1,0,1,1,1,0,3,3,3,2,3,4,2,yes,0
13,1,0,0,1,15,0,1,1,0,0,1,4,3,0,0,0,0,1,0,0,1,0,0,1,0,0,0,0,1,0,2,2,0,0,1,1,0,1,1,1,0,5,4,3,1,2,3,2,yes,0
315,1,0,1,0,19,1,0,1,0,0,1,2,3,0,0,1,0,0,0,0,1,0,0,0,0,0,1,0,0,1,1,3,1,0,0,0,0,1,1,1,1,4,1,2,1,1,3,40,yes,0
88,1,0,0,1,16,0,1,1,0,0,1,2,2,0,0,0,1,0,0,0,1,0,0,0,0,0,1,1,0,0,2,2,1,0,0,1,1,0,1,1,0,4,4,2,1,1,3,12,yes,0
273,1,0,0,1,17,1,0,1,0,0,1,1,2,1,0,0,0,0,1,0,0,0,0,0,1,0,0,0,1,0,1,2,0,0,1,1,1,0,1,0,1,3,5,2,2,2,1,2,yes,0
166,1,0,0,1,16,0,1,1,0,0,1,2,2,0,0,1,0,0,0,0,1,0,0,1,0,0,0,1,0,0,1,2,0,0,0,0,0,1,0,1,0,4,3,5,2,4,4,4,yes,0
328,1,0,1,0,17,0,1,1,0,0,1,4,4,0,0,0,0,1,0,0,0,1,0,1,0,0,0,0,1,0,1,3,0,0,1,1,1,1,1,1,0,5,4,4,1,3,4,7,no,0
388,0,1,1,0,18,0,1,0,1,0,1,3,1,0,0,0,0,1,0,0,0,1,0,1,0,0,0,0,1,0,1,2,0,0,1,1,0,1,1,1,0,4,3,4,1,1,1,0,no,0
134,1,0,0,1,15,1,0,1,0,0,1,3,4,1,0,0,0,0,0,0,0,0,1,1,0,0,0,0,1,0,4,2,0,0,1,0,0,1,1,0,1,5,3,3,1,1,5,0,no,0
306,1,0,0,1,20,0,1,1,0,1,0,3,2,0,0,0,1,0,0,0,1,0,0,1,0,0,0,0,0,1,1,1,0,0,0,0,1,1,1,0,0,5,5,3,1,1,5,0,yes,0
378,0,1,1,0,18,0,1,1,0,0,1,3,3,0,0,1,0,0,0,0,1,0,0,0,1,0,0,0,1,0,1,2,0,0,0,1,0,1,1,1,1,4,1,3,1,2,1,0,yes,0
319,1,0,1,0,18,0,1,1,0,0,1,4,4,0,0,0,0,1,0,0,1,0,0,1,0,0,0,0,1,0,1,2,0,0,1,1,0,1,1,1,0,4,4,4,3,3,5,2,yes,0
243,1,0,0,1,16,0,1,1,0,0,1,4,4,0,0,0,1,0,0,0,0,1,0,1,0,0,0,0,1,0,1,1,0,0,0,0,1,1,1,1,0,5,3,2,1,2,5,0,yes,0
54,1,0,1,0,15,0,1,0,1,1,0,3,3,0,0,1,0,0,0,0,1,0,0,0,0,1,0,0,1,0,1,1,0,0,0,1,0,1,1,1,0,5,3,4,4,4,1,6,yes,0
50,1,0,1,0,16,0,1,0,1,0,1,2,2,0,0,0,1,0,0,0,0,1,0,1,0,0,0,0,1,0,3,2,0,0,1,1,0,1,1,1,0,4,3,3,2,3,4,2,yes,0
174,1,0,1,0,16,0,1,0,1,0,1,3,3,0,0,1,0,0,0,0,1,0,0,0,0,0,1,0,1,0,2,2,0,0,1,1,1,1,1,1,0,4,4,5,1,1,4,4,no,0
189,1,0,0,1,17,1,0,1,0,0,1,1,2,1,0,0,0,0,0,0,1,0,0,0,1,0,0,0,1,0,1,2,0,0,0,0,0,1,1,0,0,3,1,3,1,5,3,4,yes,0
392,0,1,0,1,21,1,0,1,0,0,1,1,1,0,0,1,0,0,0,0,1,0,0,1,0,0,0,0,0,1,1,1,3,0,0,0,0,0,1,0,0,5,5,3,3,3,3,3,no,0
187,1,0,0,1,16,0,1,0,1,0,1,2,1,0,0,1,0,0,0,0,1,0,0,1,0,0,0,0,1,0,1,2,0,0,0,1,1,1,1,1,1,4,2,3,1,2,5,0,yes,0
169,1,0,1,0,16,0,1,1,0,0,1,4,4,0,1,0,0,0,0,1,0,0,0,0,0,0,1,0,1,0,1,2,0,0,1,1,0,1,1,1,1,4,4,2,1,1,3,0,yes,0
58,1,0,0,1,15,0,1,0,1,0,1,1,2,0,0,1,0,0,1,0,0,0,0,0,1,0,0,1,0,0,1,2,0,1,1,0,1,1,1,1,0,4,3,2,1,1,5,2,no,0
48,1,0,0,1,15,0,1,1,0,0,1,4,2,0,0,0,0,1,0,0,1,0,0,0,1,0,0,0,1,0,1,2,0,0,1,1,0,1,1,0,0,4,3,3,2,2,5,2,yes,0
344,1,0,1,0,18,0,1,1,0,0,1,2,3,1,0,0,0,0,0,0,1,0,0,1,0,0,0,0,1,0,1,3,0,0,1,0,0,1,1,1,0,4,3,3,1,2,3,4,yes,0
235,1,0,0,1,16,0,1,1,0,0,1,3,2,1,0,0,0,0,0,0,1,0,0,0,0,0,1,0,1,0,2,3,0,0,0,0,1,1,1,1,1,5,3,3,1,3,2,10,yes,0
252,1,0,0,1,18,0,1,1,0,0,1,2,1,0,0,0,1,0,0,0,0,1,0,0,0,1,0,0,1,0,1,1,1,0,0,0,0,0,0,1,0,3,2,5,2,5,5,4,no,0
21,1,0,0,1,15,0,1,1,0,0,1,4,4,0,1,0,0,0,0,1,0,0,0,0,0,1,0,1,0,0,1,1,0,0,1,1,0,1,1,1,0,5,4,2,1,1,5,0,yes,0
313,1,0,1,0,19,0,1,0,1,0,1,3,2,0,0,0,1,0,0,0,1,0,0,0,0,0,1,0,0,1,2,2,1,0,1,1,0,0,1,1,1,4,2,2,1,2,1,22,yes,0
160,1,0,0,1,17,1,0,0,1,0,1,2,1,1,0,0,0,0,0,0,1,0,0,1,0,0,0,0,1,0,2,1,2,0,0,0,1,1,0,1,1,3,3,2,2,2,5,0,no,0
276,1,0,1,0,18,1,0,1,0,1,0,3,2,0,0,1,0,0,0,0,0,1,0,0,1,0,0,0,1,0,2,2,0,0,0,0,0,0,0,1,1,4,1,1,1,1,5,75,no,0
191,1,0,1,0,17,0,1,1,0,0,1,1,1,1,0,0,0,0,0,0,0,1,0,1,0,0,0,0,1,0,1,2,0,0,0,0,1,1,1,1,0,5,3,3,1,1,3,0,no,0
293,1,0,1,0,17,1,0,0,1,0,1,3,1,0,0,0,1,0,0,0,1,0,0,0,0,0,1,0,1,0,2,4,0,0,1,1,0,1,1,0,0,3,1,2,1,1,3,6,yes,0
343,1,0,1,0,17,0,1,1,0,1,0,2,2,1,0,0,0,0,1,0,0,0,0,0,1,0,0,1,0,0,1,2,1,0,1,0,0,1,1,1,1,3,3,1,1,2,4,0,no,0
257,1,0,0,1,19,0,1,0,1,1,0,4,3,0,0,0,1,0,1,0,0,0,0,0,0,0,1,0,1,0,1,2,0,0,1,0,0,1,1,1,0,4,3,1,1,1,1,12,yes,0
308,1,0,0,1,19,1,0,1,0,0,1,3,3,0,0,1,0,0,0,0,0,1,0,0,0,0,1,1,0,0,1,2,1,0,0,0,1,1,1,0,1,4,5,3,1,2,5,0,yes,0
149,1,0,0,1,15,0,1,0,1,1,0,2,1,0,0,0,1,0,0,0,1,0,0,1,0,0,0,0,1,0,4,1,3,0,0,0,0,1,1,1,0,4,5,5,2,5,5,0,yes,0
130,1,0,1,0,15,1,0,1,0,0,1,3,4,0,0,0,1,0,0,0,0,0,1,1,0,0,0,1,0,0,2,3,2,0,1,0,0,1,1,1,1,4,2,2,2,2,5,0,no,0
151,1,0,0,1,16,0,1,0,1,0,1,2,1,1,0,0,0,0,0,0,1,0,0,1,0,0,0,0,1,0,1,1,1,0,0,0,1,1,1,0,1,4,4,4,3,5,5,6,yes,0
359,0,1,1,0,18,0,1,0,1,0,1,1,1,1,0,0,0,0,0,0,0,1,0,1,0,0,0,1,0,0,2,3,0,0,0,0,0,1,1,1,0,5,3,2,1,1,4,0,yes,0
99,1,0,1,0,16,0,1,1,0,0,1,4,3,0,0,1,0,0,1,0,0,0,0,1,0,0,0,0,1,0,1,3,0,1,1,1,0,1,1,1,0,5,3,5,1,1,3,0,no,0
372,0,1,1,0,17,0,1,1,0,0,1,2,2,0,0,1,0,0,1,0,0,0,0,0,1,0,0,0,1,0,1,3,0,0,0,0,1,1,1,0,1,3,4,3,1,1,3,8,yes,0
87,1,0,1,0,15,0,1,1,0,0,1,4,2,0,0,1,0,0,0,0,1,0,0,0,0,0,1,0,1,0,1,3,0,0,1,0,1,1,1,1,0,5,3,3,1,3,1,4,yes,0
330,1,0,0,1,18,0,1,0,1,0,1,2,2,0,0,1,0,0,0,0,1,0,0,1,0,0,0,0,1,0,1,4,0,0,1,0,1,1,1,1,0,4,5,5,2,4,5,2,no,0
214,1,0,1,0,17,1,0,0,1,0,1,4,4,0,0,0,1,0,0,0,1,0,0,0,0,1,0,0,1,0,1,1,0,0,1,1,0,1,1,0,0,5,2,1,1,2,3,12,yes,0
121,1,0,0,1,15,0,1,1,0,0,1,2,2,0,0,0,1,0,0,0,0,1,0,0,1,0,0,1,0,0,1,4,0,0,1,1,1,1,1,1,0,5,5,4,1,2,5,6,yes,0
394,0,1,0,1,19,0,1,0,1,0,1,1,1,0,0,1,0,0,1,0,0,0,0,1,0,0,0,1,0,0,1,1,0,0,0,0,0,1,1,1,0,3,2,3,3,3,5,5,no,0
20,1,0,0,1,15,0,1,1,0,0,1,4,3,0,0,0,0,1,0,0,1,0,0,0,0,0,1,0,1,0,1,2,0,0,0,0,0,1,1,1,0,4,4,1,1,1,1,0,yes,0
188,1,0,1,0,17,0,1,1,0,1,0,3,3,0,1,0,0,0,0,0,1,0,0,0,0,0,1,0,1,0,1,2,0,0,1,0,0,0,1,1,1,3,3,3,1,3,3,6,no,0
71,1,0,0,1,15,0,1,1,0,0,1,4,2,0,0,1,0,0,0,0,1,0,0,1,0,0,0,0,1,0,1,4,0,0,0,0,0,1,1,1,0,3,3,3,1,1,3,0,yes,0
106,1,0,1,0,15,0,1,1,0,0,1,2,2,0,0,1,0,0,0,0,1,0,0,1,0,0,0,0,1,0,1,4,0,1,1,1,0,1,1,1,0,5,1,2,1,1,3,8,no,0
270,1,0,1,0,19,0,1,1,0,0,1,3,3,0,0,1,0,0,0,0,0,1,0,0,1,0,0,0,0,1,1,2,2,0,1,1,1,1,1,1,0,4,3,5,3,3,5,15,no,0
348,1,0,1,0,17,0,1,1,0,0,1,4,3,0,1,0,0,0,0,0,1,0,0,0,0,0,1,0,1,0,1,3,0,0,1,1,1,1,1,1,1,4,4,3,1,3,4,0,yes,0
102,1,0,0,1,15,0,1,1,0,0,1,4,4,0,0,0,1,0,0,0,1,0,0,1,0,0,0,0,1,0,1,1,0,0,1,0,1,0,1,1,0,5,3,3,1,1,5,4,yes,0
78,1,0,0,1,17,0,1,1,0,0,1,2,1,0,0,1,0,0,0,0,1,0,0,0,1,0,0,0,1,0,2,1,3,1,1,0,1,1,0,1,0,4,5,1,1,1,3,2,yes,1
371,0,1,0,1,18,1,0,0,1,0,1,1,2,1,0,0,0,0,0,0,0,1,0,0,0,1,0,1,0,0,3,1,0,0,1,1,1,1,0,1,1,4,3,3,2,3,3,3,yes,1
248,1,0,0,1,18,1,0,0,1,0,1,3,3,0,0,1,0,0,0,0,0,1,0,1,0,0,0,0,1,0,1,2,1,0,1,0,0,1,1,1,1,4,3,3,1,3,5,8,no,1
55,1,0,1,0,16,0,1,1,0,1,0,2,1,0,0,1,0,0,0,0,1,0,0,0,0,1,0,0,1,0,1,2,0,0,0,1,1,1,1,1,1,5,3,4,1,1,2,8,yes,1
390,0,1,0,1,20,0,1,0,1,1,0,2,2,0,0,0,1,0,0,0,0,1,0,1,0,0,0,0,0,1,1,2,2,0,1,1,0,1,1,0,0,5,5,4,4,5,4,11,no,1
223,1,0,0,1,18,0,1,1,0,0,1,2,2,0,0,1,0,0,0,0,1,0,0,0,1,0,0,0,1,0,2,2,0,0,1,1,0,1,1,1,0,3,3,3,5,5,4,0,yes,1
42,1,0,0,1,15,0,1,1,0,0,1,4,4,0,0,0,1,0,0,0,0,0,1,1,0,0,0,1,0,0,1,2,0,0,1,0,1,1,1,1,0,4,3,3,1,1,5,2,yes,1
234,1,0,0,1,16,0,1,0,1,0,1,1,1,0,0,1,0,0,0,0,1,0,0,0,1,0,0,0,1,0,2,2,0,0,1,1,0,1,1,1,0,3,4,2,1,1,5,18,no,1
316,1,0,1,0,18,0,1,1,0,0,1,2,1,0,0,0,1,0,0,0,1,0,0,1,0,0,0,0,1,0,2,2,0,0,1,1,1,1,1,1,0,5,3,3,1,2,1,0,no,1
116,1,0,0,1,15,0,1,1,0,0,1,4,4,0,0,1,0,0,0,0,0,0,1,0,0,0,1,1,0,0,2,2,0,0,1,0,1,1,1,0,0,4,4,3,1,1,2,2,yes,1
9,1,0,0,1,15,0,1,1,0,0,1,3,4,0,0,1,0,0,0,0,1,0,0,0,1,0,0,0,1,0,1,2,0,0,1,1,1,1,1,1,0,5,5,1,1,1,5,0,yes,1
209,1,0,1,0,17,1,0,1,0,0,1,4,3,0,0,0,0,1,0,0,1,0,0,0,0,0,1,0,1,0,2,3,0,0,1,1,1,1,1,1,1,4,4,2,1,1,4,6,no,1
323,1,0,1,0,17,0,1,1,0,0,1,3,1,0,0,0,1,0,0,0,0,1,0,1,0,0,0,1,0,0,1,3,0,0,1,0,0,0,1,1,0,3,4,3,2,3,5,1,yes,1
393,0,1,0,1,18,1,0,0,1,0,1,3,2,0,0,0,1,0,0,0,1,0,0,1,0,0,0,0,1,0,3,1,0,0,0,0,0,0,1,1,0,4,4,1,3,4,5,0,yes,1
258,1,0,0,1,18,0,1,1,0,0,1,2,1,0,0,1,0,0,0,0,1,0,0,0,1,0,0,0,1,0,1,2,0,0,0,0,1,1,1,1,0,5,2,4,1,2,4,8,yes,1
155,1,0,0,1,15,1,0,1,0,0,1,2,3,1,0,0,0,0,0,0,0,1,0,1,0,0,0,0,1,0,1,2,0,1,0,1,1,1,1,0,0,4,4,4,1,1,1,2,no,1
124,1,0,1,0,16,0,1,1,0,0,1,2,2,0,0,1,0,0,0,0,1,0,0,0,1,0,0,0,1,0,1,2,0,0,0,1,0,1,1,1,1,5,4,4,1,1,5,0,no,1
272,1,0,1,0,18,0,1,0,1,0,1,1,1,0,0,1,0,0,0,0,1,0,0,0,1,0,0,0,1,0,2,2,0,0,1,1,0,0,1,0,0,4,4,3,1,1,3,2,yes,1
324,1,0,1,0,17,0,1,0,1,0,1,0,2,1,0,0,0,0,1,0,0,0,0,0,1,0,0,1,0,0,2,3,0,0,0,0,0,1,1,1,0,3,3,3,2,3,2,0,yes,1
334,1,0,1,0,18,1,0,1,0,0,1,2,2,1,0,0,0,0,0,0,1,0,0,1,0,0,0,0,1,0,2,4,0,0,0,0,1,1,1,0,0,4,4,4,1,1,4,0,no,1
15,1,0,1,0,16,0,1,1,0,0,1,4,4,0,1,0,0,0,0,0,1,0,0,0,1,0,0,0,1,0,1,1,0,0,1,0,0,1,1,1,0,4,4,4,1,2,2,4,yes,1
391,0,1,0,1,17,0,1,0,1,0,1,3,1,0,0,0,1,0,0,0,0,1,0,1,0,0,0,0,1,0,2,1,0,0,0,0,0,0,1,1,0,2,4,5,3,4,2,3,yes,1
167,1,0,1,0,16,0,1,1,0,0,1,4,2,0,1,0,0,0,0,0,0,1,0,0,1,0,0,1,0,0,1,2,0,0,0,1,0,1,1,1,1,4,2,3,1,1,3,0,yes,1
0,1,0,1,0,18,0,1,1,0,1,0,4,4,1,0,0,0,0,0,0,0,0,1,1,0,0,0,0,1,0,2,2,0,1,0,0,0,1,1,0,0,4,3,4,1,1,3,6,no,1
140,1,0,0,1,15,0,1,1,0,0,1,4,3,0,0,0,0,1,0,0,0,1,0,1,0,0,0,1,0,0,2,4,0,1,1,0,0,1,1,1,0,2,2,2,1,1,3,0,no,1
113,1,0,0,1,15,0,1,0,1,0,1,4,2,0,0,0,0,1,0,0,1,0,0,1,0,0,0,0,1,0,1,1,0,0,0,0,0,1,1,1,0,3,5,2,1,1,3,10,yes,1
77,1,0,1,0,16,0,1,1,0,0,1,2,2,0,0,1,0,0,0,0,1,0,0,0,0,0,1,0,1,0,1,4,0,0,0,1,0,1,1,1,1,5,2,3,1,3,3,0,yes,1
33,1,0,0,1,15,0,1,0,1,0,1,3,3,0,0,1,0,0,0,0,1,0,0,1,0,0,0,0,1,0,1,2,0,0,0,0,1,0,1,1,0,5,3,2,1,1,2,0,yes,1
101,1,0,0,1,16,0,1,1,0,0,1,4,4,0,0,0,1,0,0,0,0,0,1,0,0,1,0,1,0,0,1,3,0,0,1,0,1,1,1,1,1,4,4,3,1,1,4,0,yes,1
76,1,0,0,1,15,0,1,1,0,0,1,4,0,0,0,0,0,1,0,0,1,0,0,1,0,0,0,0,1,0,2,4,0,0,0,0,1,1,1,1,0,3,4,3,1,1,1,8,yes,1
307,1,0,0,1,19,0,1,1,0,0,1,4,4,0,0,0,0,1,0,0,0,1,0,0,0,0,1,0,0,1,2,1,1,0,1,1,0,1,1,1,1,4,3,4,1,1,4,38,no,1
375,0,1,1,0,18,1,0,1,0,0,1,1,1,0,0,1,0,0,0,0,1,0,0,0,1,0,0,0,1,0,4,3,0,0,0,0,0,1,1,1,0,4,3,2,1,2,4,2,yes,1
291,1,0,1,0,17,0,1,1,0,0,1,4,3,0,1,0,0,0,0,0,0,1,0,0,0,0,1,0,1,0,1,3,0,0,1,1,0,1,1,1,0,4,2,2,1,2,3,0,yes,1
356,0,1,1,0,17,1,0,1,0,0,1,4,4,0,0,0,0,1,0,0,0,1,0,0,0,1,0,1,0,0,2,2,0,0,1,1,1,1,1,1,0,4,3,3,1,2,5,4,yes,1
90,1,0,1,0,16,0,1,1,0,0,1,3,3,0,0,1,0,0,0,0,1,0,0,0,1,0,0,0,1,0,1,3,0,0,1,1,0,1,1,1,1,4,3,3,1,3,4,0,no,1
384,0,1,0,1,18,1,0,1,0,0,1,4,2,0,0,1,0,0,0,0,1,0,0,0,1,0,0,1,0,0,2,1,1,0,0,1,0,1,1,0,0,5,4,3,4,3,3,14,no,1
137,1,0,1,0,16,0,1,1,0,1,0,3,3,0,0,1,0,0,0,0,1,0,0,1,0,0,0,0,0,1,2,1,2,0,1,0,1,0,1,1,1,4,3,2,1,1,5,0,no,1
57,1,0,0,1,15,0,1,1,0,0,1,4,4,0,0,0,0,1,0,1,0,0,0,0,0,0,1,0,1,0,1,2,0,0,1,0,1,1,1,0,0,3,2,2,1,1,5,4,yes,1
73,1,0,0,1,16,0,1,1,0,0,1,3,1,0,0,1,0,0,0,0,1,0,0,0,0,0,1,0,1,0,1,1,0,0,0,0,1,1,1,0,0,5,3,2,2,2,5,2,yes,1
25,1,0,1,0,16,0,1,1,0,0,1,2,2,0,0,0,1,0,0,0,0,1,0,0,1,0,0,0,1,0,1,1,2,0,1,1,0,0,1,1,0,1,2,2,1,3,5,14,no,1
72,1,0,1,0,15,1,0,1,0,0,1,1,1,0,0,1,0,0,0,0,1,0,0,0,0,0,1,0,1,0,1,2,2,1,1,0,0,0,1,1,1,3,3,4,2,4,5,2,no,1
145,1,0,1,0,15,0,1,1,0,0,1,1,1,0,0,1,0,0,0,0,0,1,0,1,0,0,0,1,0,0,1,2,0,0,1,1,0,1,1,1,0,4,4,2,1,2,5,0,yes,1
329,1,0,1,0,17,0,1,1,0,0,1,4,4,0,0,0,0,1,0,0,0,0,1,1,0,0,0,0,1,0,2,3,0,0,1,1,0,0,1,1,1,4,3,3,1,2,4,4,yes,1
141,1,0,0,1,16,0,1,0,1,0,1,2,2,0,0,0,1,0,0,0,0,1,0,0,0,0,1,1,0,0,2,1,2,0,1,0,1,1,1,1,0,2,3,3,2,2,2,8,no,1
158,1,0,0,1,16,1,0,1,0,0,1,2,2,1,0,0,0,0,0,0,1,0,0,1,0,0,0,0,1,0,3,1,0,0,0,0,0,0,1,0,0,4,2,2,1,2,3,2,yes,1
93,1,0,1,0,16,0,1,1,0,0,1,4,2,0,0,0,0,1,0,0,0,1,0,0,1,0,0,0,1,0,2,2,0,0,1,1,1,1,1,1,0,5,3,3,1,1,1,0,yes,1
46,1,0,1,0,16,0,1,0,1,1,0,3,3,0,0,1,0,0,0,0,0,1,0,0,1,0,0,0,1,0,1,2,0,0,1,0,0,1,1,1,0,2,3,5,1,4,3,12,yes,1
304,1,0,0,1,19,0,1,1,0,0,1,3,3,0,0,1,0,0,0,0,1,0,0,0,1,0,0,0,0,1,1,2,1,0,1,0,1,1,1,1,1,4,4,4,1,1,3,20,yes,1
108,1,0,0,1,15,1,0,1,0,0,1,4,4,0,0,1,0,0,0,0,1,0,0,0,1,0,0,1,0,0,4,4,0,0,1,1,1,1,1,1,1,1,3,5,3,5,1,6,yes,1
196,1,0,0,1,17,0,1,1,0,0,1,4,4,0,0,0,1,0,0,0,0,0,1,0,1,0,0,0,1,0,1,1,0,0,0,0,0,1,1,1,0,5,2,3,1,2,5,4,yes,1
39,1,0,1,0,15,1,0,1,0,0,1,2,2,1,0,0,0,0,0,0,1,0,0,0,0,0,1,0,1,0,1,1,0,1,1,1,1,1,1,0,0,4,3,1,1,1,2,8,yes,1
56,1,0,1,0,15,0,1,1,0,1,0,4,3,0,0,0,1,0,0,0,0,1,0,0,0,0,1,0,1,0,1,2,0,0,1,1,1,1,1,1,0,4,3,2,1,1,1,0,yes,1
30,1,0,0,1,15,0,1,1,0,0,1,4,4,0,1,0,0,0,0,0,0,1,0,0,1,0,0,0,1,0,1,2,0,0,1,1,0,0,1,1,0,5,4,2,3,4,5,0,yes,1
377,0,1,1,0,18,1,0,0,1,0,1,4,4,0,0,0,0,1,0,0,0,1,0,1,0,0,0,0,1,0,1,2,0,0,0,1,1,1,1,1,0,5,4,3,3,4,2,4,yes,1
386,0,1,1,0,18,1,0,1,0,0,1,4,4,0,0,0,0,1,1,0,0,0,0,0,0,0,1,0,1,0,3,1,0,0,1,1,1,1,1,1,1,4,4,3,2,2,5,7,no,1
132,1,0,1,0,17,0,1,0,1,0,1,2,2,0,0,1,0,0,0,0,1,0,0,1,0,0,0,1,0,0,1,1,0,0,1,0,0,1,1,1,1,3,4,4,1,3,5,12,yes,1
285,1,0,0,1,17,0,1,1,0,0,1,1,1,0,0,1,0,0,0,0,1,0,0,0,0,0,1,1,0,0,1,2,0,0,0,1,0,0,1,1,0,4,3,3,1,2,4,2,yes,1
168,1,0,1,0,16,0,1,1,0,0,1,2,2,0,0,1,0,0,0,0,1,0,0,0,1,0,0,0,1,0,1,2,0,0,1,1,0,0,1,1,0,5,1,5,1,1,4,0,no,1
22,1,0,0,1,16,0,1,0,1,0,1,4,2,0,0,0,0,1,0,0,1,0,0,1,0,0,0,0,1,0,1,2,0,0,0,0,1,1,1,1,0,4,5,1,1,3,5,2,yes,1
31,1,0,0,1,15,0,1,1,0,0,1,4,4,0,0,0,1,0,0,0,0,1,0,0,0,0,1,0,1,0,2,2,0,0,1,0,1,1,1,1,0,4,3,1,1,1,5,0,yes,1
94,1,0,0,1,15,0,1,0,1,0,1,2,2,0,0,0,1,0,0,1,0,0,0,0,0,0,1,0,1,0,1,4,0,0,1,0,1,1,1,1,0,4,3,4,1,1,4,6,yes,1
193,1,0,0,1,16,1,0,1,0,0,1,3,3,0,0,0,1,0,0,0,0,1,0,0,0,0,1,0,1,0,1,1,0,0,1,0,1,1,1,1,0,4,3,2,3,4,5,8,yes,1
157,1,0,1,0,18,1,0,1,0,0,1,1,1,1,0,0,0,0,0,0,1,0,0,1,0,0,0,0,1,0,3,1,3,0,1,0,1,0,1,0,0,5,2,5,1,5,4,6,yes,1
177,1,0,0,1,17,0,1,1,0,0,1,3,3,0,0,1,0,0,0,0,1,0,0,0,0,0,1,1,0,0,1,2,0,0,0,0,1,0,1,1,0,4,3,4,1,4,4,4,no,1
370,0,1,1,0,19,0,1,0,1,0,1,3,2,0,0,0,1,0,0,0,0,1,0,0,1,0,0,0,0,1,2,2,2,0,0,0,1,1,1,0,1,3,2,2,1,1,3,4,no,1
182,1,0,1,0,17,0,1,1,0,0,1,2,4,0,0,0,1,0,0,0,0,1,0,0,0,0,1,1,0,0,1,2,0,0,1,0,1,1,1,0,0,5,4,2,2,3,5,0,yes,1
255,1,0,0,1,17,0,1,0,1,0,1,1,1,0,1,0,0,0,0,0,1,0,0,1,0,0,0,0,1,0,2,1,1,0,1,0,1,1,1,1,0,4,4,4,1,2,5,2,no,1
358,0,1,0,1,18,0,1,0,1,0,1,1,1,0,0,1,0,0,0,0,0,1,0,0,1,0,0,1,0,0,2,1,0,0,0,0,0,0,1,1,1,3,3,2,1,2,3,4,yes,1
317,1,0,1,0,18,0,1,1,0,0,1,4,3,0,0,1,0,0,0,0,1,0,0,1,0,0,0,0,1,0,1,3,0,0,1,1,1,1,1,1,1,4,3,4,1,1,5,9,no,1
5,1,0,0,1,16,0,1,0,1,0,1,4,3,0,0,0,1,0,0,0,1,0,0,0,0,0,1,0,1,0,1,2,0,0,1,1,1,1,1,1,0,5,4,2,1,2,5,10,yes,1
45,1,0,1,0,15,0,1,0,1,1,0,4,3,0,0,1,0,0,0,0,1,0,0,1,0,0,0,0,1,0,1,2,0,1,1,1,1,1,1,1,1,5,2,2,1,1,5,8,no,1
84,1,0,1,0,15,0,1,1,0,0,1,1,1,0,0,1,0,0,0,0,1,0,0,0,1,0,0,1,0,0,1,2,0,0,1,0,1,0,1,1,0,4,3,2,2,3,4,2,yes,1
289,1,0,0,1,18,0,1,0,1,1,0,4,4,0,0,0,0,1,0,0,0,0,1,0,0,0,1,0,1,0,1,2,0,0,1,1,1,1,1,1,0,5,4,3,1,1,2,9,yes,1
110,1,0,0,1,15,0,1,0,1,1,0,4,4,0,0,0,0,1,0,0,0,0,1,1,0,0,0,0,1,0,1,1,0,0,0,0,1,1,1,1,0,5,5,3,1,1,4,6,yes,1
364,0,1,1,0,17,1,0,1,0,0,1,1,2,0,0,1,0,0,0,0,0,1,0,1,0,0,0,1,0,0,2,2,0,0,0,0,0,0,1,0,0,3,2,2,1,2,3,0,yes,1
82,1,0,1,0,15,0,1,0,1,0,1,3,2,0,0,0,1,0,0,0,1,0,0,0,0,0,1,0,1,0,1,2,0,0,1,1,0,1,1,1,0,4,4,4,1,1,5,10,no,1
114,1,0,0,1,15,1,0,1,0,0,1,2,1,0,1,0,0,0,0,0,0,1,0,0,0,0,1,0,1,0,1,2,0,0,0,0,1,1,1,1,1,5,4,2,1,1,5,8,no,1
3,1,0,1,0,15,0,1,1,0,0,1,4,2,0,1,0,0,0,0,0,0,1,0,0,1,0,0,0,1,0,1,3,0,0,1,1,1,1,1,1,1,3,2,2,1,1,5,2,yes,1
18,1,0,0,1,17,0,1,1,0,0,1,3,2,0,0,0,1,0,0,0,0,1,0,1,0,0,0,0,1,0,1,1,3,0,1,0,1,1,1,1,0,5,5,5,2,4,5,16,no,1
181,1,0,0,1,16,0,1,1,0,0,1,3,3,0,0,0,1,0,0,0,1,0,0,0,1,0,0,0,1,0,1,2,0,0,0,1,1,1,1,1,1,4,2,3,1,2,3,2,yes,1
194,1,0,0,1,16,0,1,1,0,0,1,2,3,0,0,1,0,0,0,0,1,0,0,0,1,0,0,1,0,0,2,1,0,0,0,0,0,1,1,1,0,5,3,3,1,1,3,0,yes,1
173,1,0,1,0,16,0,1,1,0,0,1,1,3,1,0,0,0,0,0,0,0,1,0,0,1,0,0,0,1,0,1,2,3,0,0,0,1,0,1,1,1,4,3,5,1,1,3,0,no,1
63,1,0,1,0,16,0,1,1,0,0,1,4,3,0,0,0,0,1,0,1,0,0,0,0,1,0,0,0,1,0,1,3,0,1,1,1,1,1,1,1,0,3,4,4,2,4,4,2,no,1
253,1,0,0,1,16,1,0,1,0,0,1,2,1,0,0,1,0,0,0,0,1,0,0,1,0,0,0,0,1,0,2,1,0,0,0,0,1,0,1,0,0,3,3,2,1,3,3,0,no,1
225,1,0,1,0,18,1,0,1,0,0,1,3,1,0,0,1,0,0,0,0,1,0,0,0,0,0,1,0,1,0,1,2,1,0,0,0,1,1,1,1,1,5,3,3,1,1,4,16,no,1
331,1,0,1,0,17,1,0,1,0,0,1,2,4,1,0,0,0,0,0,0,1,0,0,1,0,0,0,1,0,0,1,3,0,0,1,0,0,1,1,1,1,4,4,3,1,1,5,7,yes,1
383,0,1,0,1,19,1,0,1,0,0,1,1,1,0,0,1,0,0,0,0,0,1,0,0,0,1,0,0,1,0,2,1,1,0,0,0,0,1,1,0,0,4,3,2,1,3,5,0,no,1
227,1,0,0,1,17,0,1,0,1,0,1,2,3,0,0,0,1,0,0,0,0,1,0,0,0,0,1,1,0,0,1,2,0,0,1,1,0,0,1,1,0,5,3,3,1,3,3,2,yes,1
342,1,0,0,1,18,0,1,0,1,0,1,3,4,0,0,0,1,0,0,0,1,0,0,0,1,0,0,0,1,0,1,2,0,0,0,0,1,1,1,1,1,4,3,3,1,3,5,11,yes,1
131,1,0,1,0,15,0,1,1,0,0,1,1,1,1,0,0,0,0,0,0,1,0,0,1,0,0,0,0,1,0,3,1,0,0,1,0,1,0,1,1,1,4,3,3,1,2,4,0,no,1
320,1,0,1,0,17,0,1,1,0,1,0,4,3,0,0,0,1,0,0,0,0,1,0,1,0,0,0,0,1,0,1,2,0,0,1,1,0,1,1,1,1,5,2,2,1,2,5,23,yes,1
175,1,0,0,1,17,0,1,0,1,0,1,4,3,0,0,0,0,1,0,0,1,0,0,1,0,0,0,0,1,0,2,2,0,0,0,1,1,1,1,1,0,4,4,4,4,4,4,4,no,1
238,1,0,1,0,17,1,0,1,0,0,1,2,1,1,0,0,0,0,0,0,0,1,0,1,0,0,0,0,1,0,3,2,0,0,0,0,1,1,1,0,0,2,1,1,1,1,3,2,yes,1
368,0,1,1,0,18,0,1,1,0,0,1,2,3,1,0,0,0,0,0,0,0,1,0,1,0,0,0,1,0,0,2,1,0,0,1,1,0,1,1,1,1,5,2,3,1,2,4,0,yes,1
367,0,1,1,0,17,1,0,1,0,0,1,1,1,0,0,1,0,0,0,0,0,1,0,0,0,0,1,0,1,0,3,1,1,0,1,1,0,1,1,1,1,5,2,1,1,2,1,0,no,1
210,1,0,1,0,19,0,1,1,0,0,1,3,3,0,0,1,0,0,0,0,1,0,0,0,0,0,1,0,0,1,1,4,0,0,1,1,1,1,1,1,0,4,3,3,1,2,3,10,no,1
75,1,0,0,1,15,0,1,1,0,0,1,4,3,0,0,0,0,1,0,0,1,0,0,0,1,0,0,0,1,0,1,2,0,0,1,1,1,1,1,1,0,4,3,3,2,3,5,6,yes,1
104,1,0,0,1,15,0,1,1,0,1,0,3,4,0,0,0,1,0,0,0,1,0,0,1,0,0,0,0,1,0,1,2,0,0,1,1,1,1,1,1,0,5,4,4,1,1,1,0,yes,1
374,0,1,1,0,18,1,0,0,1,0,1,4,4,0,0,1,0,0,0,0,1,0,0,0,0,0,1,0,1,0,2,3,0,0,0,0,0,1,1,1,0,5,4,4,1,1,1,0,yes,1
